{
  "id": "1881035",
  "name": "ynlhgc_1",
  "font_family": "iconfont",
  "css_prefix_text": "icon-",
  "description": "ali",
  "glyphs": [
    {
      "icon_id": "1472520",
      "name": "email",
      "font_class": "email_i",
      "unicode": "e62d",
      "unicode_decimal": 58925
    },
    {
      "icon_id": "1559347",
      "name": "产品",
      "font_class": "pro1",
      "unicode": "e631",
      "unicode_decimal": 58929
    },
    {
      "icon_id": "2759565",
      "name": "资质",
      "font_class": "ab6",
      "unicode": "e64f",
      "unicode_decimal": 58959
    },
    {
      "icon_id": "3439409",
      "name": "address",
      "font_class": "address_i",
      "unicode": "e626",
      "unicode_decimal": 58918
    },
    {
      "icon_id": "5332257",
      "name": "火箭",
      "font_class": "rocket",
      "unicode": "e62c",
      "unicode_decimal": 58924
    },
    {
      "icon_id": "5611478",
      "name": "文化",
      "font_class": "ab2",
      "unicode": "e600",
      "unicode_decimal": 58880
    },
    {
      "icon_id": "6096921",
      "name": "产品",
      "font_class": "pro3",
      "unicode": "e6ca",
      "unicode_decimal": 59082
    },
    {
      "icon_id": "7014201",
      "name": "邮件",
      "font_class": "mail",
      "unicode": "e62e",
      "unicode_decimal": 58926
    },
    {
      "icon_id": "8223120",
      "name": "telephone",
      "font_class": "telephone_i",
      "unicode": "e65b",
      "unicode_decimal": 58971
    },
    {
      "icon_id": "9847356",
      "name": "首页-选中",
      "font_class": "home",
      "unicode": "e601",
      "unicode_decimal": 58881
    },
    {
      "icon_id": "10055181",
      "name": "htb－Arrow right02",
      "font_class": "arr_up",
      "unicode": "e607",
      "unicode_decimal": 58887
    },
    {
      "icon_id": "10115454",
      "name": "产品",
      "font_class": "pro2",
      "unicode": "e63b",
      "unicode_decimal": 58939
    },
    {
      "icon_id": "11059194",
      "name": "新闻",
      "font_class": "news",
      "unicode": "e769",
      "unicode_decimal": 59241
    },
    {
      "icon_id": "11447284",
      "name": "皇冠 冠军",
      "font_class": "ab3",
      "unicode": "e602",
      "unicode_decimal": 58882
    },
    {
      "icon_id": "11883263",
      "name": "筛 选",
      "font_class": "filter",
      "unicode": "e60a",
      "unicode_decimal": 58890
    },
    {
      "icon_id": "11987777",
      "name": "简介",
      "font_class": "ab1",
      "unicode": "e624",
      "unicode_decimal": 58916
    },
    {
      "icon_id": "13511483",
      "name": "关于",
      "font_class": "about",
      "unicode": "e6b2",
      "unicode_decimal": 59058
    },
    {
      "icon_id": "14327422",
      "name": "简介",
      "font_class": "ab4",
      "unicode": "e714",
      "unicode_decimal": 59156
    },
    {
      "icon_id": "14720406",
      "name": "Menu",
      "font_class": "menu",
      "unicode": "e638",
      "unicode_decimal": 58936
    },
    {
      "icon_id": "14737618",
      "name": "htb－Arrow right02",
      "font_class": "arr_down",
      "unicode": "eb86",
      "unicode_decimal": 60294
    },
    {
      "icon_id": "14737651",
      "name": "htb－Arrow right02",
      "font_class": "arr_left",
      "unicode": "eb87",
      "unicode_decimal": 60295
    },
    {
      "icon_id": "14737672",
      "name": "htb－Arrow right02",
      "font_class": "arr_right",
      "unicode": "eb88",
      "unicode_decimal": 60296
    }
  ]
}
